{
  "tag": "f254",
  "frame_in_ep": 254,
  "t_wall_s": 8.466666666666667,
  "action_rmse_deg": 2.3131377574196312,
  "action_mse_deg2": 5.35060628480032,
  "per_joint_rmse": [
    1.5494349241143326,
    2.9876912831243048,
    1.6937244883071396,
    2.9855409000596245,
    0.213990267805807,
    2.99142791632091
  ],
  "per_step_mse": [
    2.0142263928724744,
    1.863805916676764,
    2.0896747056585436,
    1.8892079274239968,
    2.2445763168862247,
    3.3462791082914602,
    3.1587175466926953,
    3.647765582360251,
    4.04747378761069,
    4.412080771512384,
    5.1193743872838136,
    5.360215209256485,
    5.854870617860286,
    6.4488675461325515,
    6.031485061171168,
    4.855072114899732,
    5.816802882448826,
    7.247232477597834,
    5.39280499750735,
    6.65656541373166,
    7.8522849098638785,
    10.256385949239018,
    11.372636783533778,
    11.436144428695817
  ],
  "video_psnr_db": 18.449204931418905,
  "video_pixel_mse": 929.3084106445312,
  "actions_pred": [
    [
      -0.34271514415740967,
      33.16157913208008,
      -16.395965576171875,
      83.70534133911133,
      11.84786605834961,
      93.15532302856445
    ],
    [
      -0.8665379285812378,
      32.65882110595703,
      -16.585006713867188,
      83.74470710754395,
      11.931989669799805,
      93.5779037475586
    ],
    [
      -1.315531611442566,
      32.795936584472656,
      -16.753040313720703,
      83.99565696716309,
      11.699882507324219,
      93.64325332641602
    ],
    [
      -1.4231022596359253,
      33.02446365356445,
      -17.131122589111328,
      83.93169021606445,
      11.960031509399414,
      93.92206573486328
    ],
    [
      -0.9413708448410034,
      33.16157913208008,
      -16.79505157470703,
      84.02025985717773,
      11.903948783874512,
      93.45156478881836
    ],
    [
      -0.9413708448410034,
      32.795936584472656,
      -16.206924438476562,
      83.71518325805664,
      11.721680641174316,
      93.08562088012695
    ],
    [
      -1.1845730543136597,
      32.47599792480469,
      -16.837059020996094,
      83.83819770812988,
      11.763742446899414,
      93.32958602905273
    ],
    [
      -0.5672100782394409,
      32.49885177612305,
      -16.585006713867188,
      83.82343673706055,
      11.910959243774414,
      93.15532302856445
    ],
    [
      -1.1658657789230347,
      32.20176696777344,
      -17.110118865966797,
      84.20724296569824,
      12.016114234924316,
      93.85236358642578
    ],
    [
      -1.3903645277023315,
      32.384586334228516,
      -17.068111419677734,
      83.99073600769043,
      11.819825172424316,
      93.5386962890625
    ],
    [
      -1.1658657789230347,
      32.15605926513672,
      -16.879070281982422,
      83.90216636657715,
      11.74972152709961,
      93.25988006591797
    ],
    [
      -0.8665379285812378,
      32.15605926513672,
      -17.047103881835938,
      84.13835525512695,
      11.889927864074707,
      93.29473114013672
    ],
    [
      -1.2874668836593628,
      31.653301239013672,
      -17.635231018066406,
      84.07930755615234,
      11.797040939331055,
      93.1204719543457
    ],
    [
      -1.5400265455245972,
      31.241954803466797,
      -17.509204864501953,
      84.0350227355957,
      11.427247047424316,
      93.11175918579102
    ],
    [
      -0.5297917127609253,
      31.33336639404297,
      -17.131122589111328,
      84.03994369506836,
      11.903948783874512,
      93.0507698059082
    ],
    [
      -0.8665379285812378,
      32.06465148925781,
      -17.425186157226562,
      84.02025985717773,
      11.840855598449707,
      93.50384521484375
    ],
    [
      -0.6420429944992065,
      31.790416717529297,
      -17.76125717163086,
      84.09898948669434,
      11.399205207824707,
      92.59769439697266
    ],
    [
      -0.9413708448410034,
      30.69348907470703,
      -18.139339447021484,
      84.15803718566895,
      11.623536109924316,
      92.58026885986328
    ],
    [
      -0.19304931163787842,
      31.790416717529297,
      -18.559429168701172,
      84.09898948669434,
      11.68838119506836,
      92.66739654541016
    ],
    [
      -0.5672100782394409,
      31.241954803466797,
      -19.105548858642578,
      84.41390800476074,
      11.539411544799805,
      92.51056289672852
    ],
    [
      -0.19304931163787842,
      30.41925811767578,
      -19.693675994873047,
      84.64025497436523,
      11.805804252624512,
      92.73710250854492
    ],
    [
      -0.23046386241912842,
      29.89936065673828,
      -20.155773162841797,
      84.92564964294434,
      11.595494270324707,
      91.90065383911133
    ],
    [
      -0.26788222789764404,
      29.962203979492188,
      -20.659881591796875,
      85.0880298614502,
      11.776010513305664,
      91.4824333190918
    ],
    [
      -0.6420429944992065,
      29.962203979492188,
      -20.40782928466797,
      85.31929779052734,
      11.532402038574219,
      91.67411804199219
    ]
  ],