{
  "tag": "f339",
  "frame_in_ep": 339,
  "t_wall_s": 11.3,
  "action_rmse_deg": 16.402599053495788,
  "action_mse_deg2": 269.04525570974096,
  "per_joint_rmse": [
    19.585162692045596,
    10.18217026059624,
    8.238274240068,
    4.84662952063087,
    1.5001198804431268,
    32.14664843414103
  ],
  "per_step_mse": [
    187.59332143564816,
    195.46919138648923,
    199.255197761649,
    209.58823319749533,
    213.58175972305366,
    217.040234486509,
    223.94837433590592,
    232.7123665442604,
    243.9143956012109,
    248.9665750613568,
    254.46910727590156,
    263.29015043436726,
    264.64189445921426,
    269.509315927767,
    285.2976034269819,
    301.41397694403844,
    301.42381619710915,
    303.3258338917227,
    324.92396703520393,
    328.5706437683402,
    341.7025431588416,
    344.1876925397198,
    350.18437288556714,
    352.0755695554305
  ],
  "video_psnr_db": 18.048354793190377,
  "video_pixel_mse": 1019.1658935546875,
  "actions_pred": [
    [
      -14.193583488464355,
      13.993245124816895,
      -17.69753646850586,
      81.04043006896973,
      11.735700607299805,
      35.027244567871094
    ],
    [
      -14.642577171325684,
      13.513340950012207,
      -17.739543914794922,
      81.10439872741699,
      11.819825172424316,
      35.47595977783203
    ],
    [
      -15.166399955749512,
      13.490487098693848,
      -17.928585052490234,
      81.32582473754883,
      11.54554557800293,
      35.51517105102539
    ],
    [
      -15.3207426071167,
      13.719014167785645,
      -18.201644897460938,
      81.20773124694824,
      11.819825172424316,
      35.96824645996094
    ],
    [
      -14.642577171325684,
      13.993245124816895,
      -17.928585052490234,
      81.23725509643555,
      11.763742446899414,
      35.375762939453125
    ],
    [
      -14.642577171325684,
      13.673306465148926,
      -17.361461639404297,
      80.85344886779785,
      11.581474304199219,
      34.9749641418457
    ],
    [
      -14.84836483001709,
      13.399075508117676,
      -18.054611206054688,
      80.9272575378418,
      11.637556076049805,
      35.2102165222168
    ],
    [
      -14.343245506286621,
      13.696160316467285,
      -17.991600036621094,
      80.83868598937988,
      11.756731986999512,
      34.95753860473633
    ],
    [
      -14.867072105407715,
      13.410504341125488,
      -18.747760772705078,
      81.15852546691895,
      11.805804252624512,
      35.724281311035156
    ],
    [
      -15.054152488708496,
      13.947541236877441,
      -18.97881317138672,
      80.86328887939453,
      11.511370658874512,
      35.445465087890625
    ],
    [
      -14.79223918914795,
      14.267476081848145,
      -19.209861755371094,
      80.66646575927734,
      11.399205207824707,
      35.166648864746094
    ],
    [
      -14.287123680114746,
      14.770237922668457,
      -19.797988891601562,
      80.74519538879395,
      11.364153861999512,
      35.23635482788086
    ],
    [
      -14.726759910583496,
      15.204438209533691,
      -20.80620574951172,
      80.48932456970215,
      11.097761154174805,
      35.096946716308594
    ],
    [
      -15.054152488708496,
      15.364407539367676,
      -21.058258056640625,
      80.17440605163574,
      10.529925346374512,
      35.11437225341797
    ],
    [
      -14.043917655944824,
      16.141396522521973,
      -21.226295471191406,
      79.87916946411133,
      10.698173522949219,
      35.131797790527344
    ],
    [
      -14.043917655944824,
      17.64967441558838,
      -21.98245620727539,
      79.54456901550293,
      10.298584938049316,
      35.654579162597656
    ],
    [
      -13.969088554382324,
      17.969613075256348,
      -22.57058334350586,
      79.30838012695312,
      9.548480033874512,
      34.88783645629883
    ],
    [
      -14.193583488464355,
      16.918389320373535,
      -23.4107666015625,
      78.91473388671875,
      9.352190971374512,
      35.22764205932617
    ],
    [
      -13.744589805603027,
      19.020833015441895,
      -23.998889923095703,
      78.56044960021973,
      9.19796371459961,
      35.58487319946289
    ],
    [
      -14.15616512298584,
      19.066540718078613,
      -24.755054473876953,
      78.61949729919434,
      8.889510154724121,
      35.602298736572266
    ],
    [
      -14.100043296813965,
      18.380959510803223,
      -25.25916290283203,
      78.71790885925293,
      9.029716491699219,
      36.35161590576172
    ],
    [
      -14.043917655944824,
      18.60948657989502,
      -25.59523582458496,
      78.63917922973633,
      8.581055641174316,
      35.724281311035156
    ],
    [
      -14.21229076385498,
      19.432183265686035,
      -26.09934425354004,
      78.65886116027832,
      8.665179252624512,
      35.654579162597656
    ],
    [
      -14.94190502166748,
      19.88923740386963,
      -26.351398468017578,
      78.58013343811035,
      8.146415710449219,
      35.51517105102539
    ]
  ],