{
  "passed": 3,
  "total": 5,
  "results": {
    "test_1_action_sanity": {
      "passed": true,
      "failures": [],
      "action_min": -99.57867050170898,
      "action_max": 94.81639099121094,
      "max_delta": 1.0055160522460938,
      "per_joint_std": [
        0.3788180687583532,
        0.394353130895797,
        0.23451764798299815,
        0.10168381610286173,
        0.11474167563049364,
        0.2517736251637393
      ],
      "gripper_var": 0.06338995832809108
    },
    "test_2_latent_video": {
      "passed": true,
      "failures": [],
      "latent_shape": [
        1,
        16,
        3,
        44,
        80
      ],
      "latent_mean": -0.016819389536976814,
      "latent_std": 0.9706242084503174,
      "latent_min": -3.984375,
      "latent_max": 2.96875,
      "per_frame_std": [
        0.6437440514564514,
        1.01793372631073,
        1.1728577613830566
      ]
    },
    "test_3_wam_coherence": {
      "passed": true,
      "failures": [],
      "action_vel_phases": [
        0.6723641876699543,
        0.780308991806751
      ],
      "latent_diff_per_transition": [
        0.40884435176849365,
        0.20610854029655457
      ]
    },
    "test_4_multitask": {
      "passed": false,
      "failures": [
        "mean pairwise dist 1.20 < 5 (model ignoring language?)",
        "max pairwise dist 1.53 < 10"
      ],
      "prompts": [
        "Pick the red cube",
        "Pick the blue cube",
        "Pick the yellow cube",
        "Put the red cube on top of the blue cube"
      ],
      "pairwise_distances": [
        1.113209559877129,
        0.7424417175219973,
        1.3448253878838894,
        1.154175179788121,
        1.5290817211984933,
        1.3435465090211602
      ],
      "mean_distance": 1.2045466792151316,
      "max_distance": 1.5290817211984933
    },
    "test_5_heldout_rollout": {
      "passed": false,
      "failures": [
        "growth ratio 13.0x > 10x (catastrophic drift)"
      ],
      "episode": 50,
      "n_samples": 10,
      "overall_mse": 62.631421245568426,
      "first_step_mse": 7.836169652616127,
      "last_step_mse": 102.16175746274247,
      "growth_ratio": 13.03720592989401,
      "per_step_mse": [
        7.836169652616127,
        9.928538125328052,
        14.352735852495565,
        18.291142363228342,
        23.36519480752761,
        29.00916775547743,
        35.992795981204395,
        41.42400923686147,
        48.64169124984223,
        55.988103982185145,
        57.36837202650194,
        63.15300498273935,
        69.59471394006567,
        72.7223686755811,
        81.8275561333956,
        89.06651098786554,
        98.11816111803087,
        99.6554628063533,
        98.0747069844612,
        94.47252109279832,
        94.85600588650772,
        97.06723355496615,
        100.18618523486681,
        102.16175746274247
      ]
    }
  }
}