{
  "tag": "heldout_ep50",
  "episode": 50,
  "prompt": "Pick the red cube",
  "episode_length": 374,
  "state": [
    -1.2287334203720093,
    -99.06103515625,
    100.0,
    52.83347702026367,
    -0.7081807255744934,
    10.562414169311523
  ],
  "predicted_frames": 9,
  "predicted_resolution": [
    352,
    640
  ],
  "latent_shape": [
    1,
    16,
    3,
    44,
    80
  ],
  "action_mse_deg2": 5.256514569236149,
  "action_rmse_deg": 2.2927090023018946,
  "per_step_mse": [
    0.6290616915644781,
    0.34186514424034914,
    0.42639830931655825,
    0.5525001868772202,
    0.358537860037283,
    0.23147584659902046,
    0.17463553667122747,
    0.18037852690054024,
    0.22959596151266246,
    0.27302175178821625,
    0.2203271861246776,
    0.1767911621229814,
    0.5034614598449328,
    0.5147839605056864,
    0.34076600042249083,
    0.6649140458960119,
    1.162736677722857,
    1.636670946713745,
    4.306650457859708,
    7.701724696879789,
    12.83219712589827,
    21.29849820812213,
    31.67239174565073,
    39.726965172396
  ],
  "per_joint_rmse": [
    0.4682765184735156,
    4.112306484110205,
    3.7094834402244503,
    0.5450830170943668,
    0.4008008866925756,
    0.4367100397411394
  ],
  "video_pixel_mse": 21152.302734375,
  "video_psnr_db": 4.8772270734129535,
  "actions_pred": [
    [
      -1.0842822790145874,
      -97.94538497924805,
      98.37521362304688,
      52.91409873962402,
      -0.7686141133308411,
      9.72697639465332
    ],
    [
      -1.2339481115341187,
      -98.4481430053711,
      98.50123977661133,
      52.92763137817383,
      -0.7125313878059387,
      10.084207534790039
    ],
    [
      -1.6081088781356812,
      -98.40243911743164,
      98.56425476074219,
      53.18473243713379,
      -0.8842843174934387,
      10.075494766235352
    ],
    [
      -1.7764781713485718,
      -98.40243911743164,
      98.27019119262695,
      53.01251029968262,
      -0.6844905018806458,
      10.633127212524414
    ],
    [
      -1.159115195274353,
      -98.26532363891602,
      98.64826965332031,
      53.07155799865723,
      -0.7125313878059387,
      10.058069229125977
    ],
    [
      -1.159115195274353,
      -98.58525848388672,
      99.19438934326172,
      52.77632141113281,
      -0.8667586445808411,
      9.69212532043457
    ],
    [
      -1.2339481115341187,
      -98.90519714355469,
      98.77429962158203,
      52.79108428955078,
      -0.7966559529304504,
      10.023218154907227
    ],
    [
      -0.7849544286727905,
      -98.76808166503906,
      98.98434448242188,
      52.75663948059082,
      -0.6704695820808411,
      9.72697639465332
    ],
    [
      -1.3461955785751343,
      -99.06516647338867,
      98.43822479248047,
      53.09123992919922,
      -0.6143868565559387,
      10.354310989379883
    ],
    [
      -1.5145686864852905,
      -98.95090103149414,
      98.4802360534668,
      52.96330451965332,
      -0.7405732274055481,
      10.110345840454102
    ],
    [
      -1.2339481115341187,
      -99.13372421264648,
      98.64826965332031,
      52.75663948059082,
      -0.7826350331306458,
      9.72697639465332
    ],
    [
      -0.9346164464950562,
      -99.17942810058594,
      98.50123977661133,
      52.95346450805664,
      -0.6634591221809387,
      10.075494766235352
    ],
    [
      -1.4490894079208374,
      -99.01945877075195,
      97.93411636352539,
      52.855051040649414,
      -0.7510884404182434,
      9.901235580444336
    ],
    [
      -1.6455234289169312,
      -99.4993667602539,
      98.03913879394531,
      52.948543548583984,
      -1.0490267872810364,
      9.866384506225586
    ],
    [
      -0.9720348119735718,
      -99.36225128173828,
      98.10215377807617,
      52.933780670166016,
      -0.6844905018806458,
      9.918661117553711
    ],
    [
      -1.3087772130966187,
      -98.31102752685547,
      97.85010147094727,
      52.91409873962402,
      -0.6704695820808411,
      10.354310989379883
    ],
    [
      -0.9720348119735718,
      -98.08250045776367,
      97.38800048828125,
      52.95346450805664,
      -1.0209859013557434,
      9.517866134643555
    ],
    [
      -1.3836101293563843,
      -98.31102752685547,
      96.6318359375,
      52.87473487854004,
      -0.8387177586555481,
      9.79667854309082
    ],
    [
      -0.8597873449325562,
      -95.98005294799805,
      95.74964904785156,
      52.75663948059082,
      -0.7686141133308411,
      9.866384506225586
    ],
    [
      -1.140407919883728,
      -94.65459823608398,
      94.65741348266602,
      52.54013442993164,
      -0.9649031758308411,
      10.023218154907227
    ],
    [
      -0.410793662071228,
      -93.37484741210938,
      93.14508819580078,
      52.38267517089844,
      -0.7966559529304504,
      10.145200729370117
    ],
    [
      -0.14888036251068115,
      -91.40951919555664,
      91.63276290893555,
      51.85124969482422,
      -1.1471713185310364,
      9.79667854309082
    ],
    [
      -0.05534017086029053,
      -88.98713302612305,
      90.62454414367676,
      51.59537887573242,
      -1.0437691807746887,
      9.657270431518555
    ],
    [
      -0.48562657833099365,
      -87.15892028808594,
      90.28847312927246,
      51.24109649658203,
      -1.3259347081184387,
      9.76182746887207
    ]
  ],