{
  "tag": "ep100_f80_descend",
  "episode": 100,
  "frame_in_ep": 80,
  "prompt": "Pick the blue cube",
  "episode_length": 309,
  "state": [
    1.7958412170410156,
    -65.34357452392578,
    72.4012680053711,
    53.35658264160156,
    0.7081807255744934,
    2.1262001991271973
  ],
  "gt_motion_magnitude_deg": 64.17495031890458,
  "predicted_frames": 9,
  "predicted_resolution": [
    352,
    640
  ],
  "latent_shape": [
    1,
    16,
    3,
    44,
    80
  ],
  "action_mse_deg2": 32.33711743163147,
  "action_rmse_deg": 5.686573434998573,
  "per_step_mse": [
    4.9620649282068925,
    7.728946274898402,
    9.017076946039312,
    12.065832027552576,
    15.251836993128679,
    20.906307166854695,
    21.64531338660811,
    26.21553674972783,
    26.747049985607458,
    29.09412770492732,
    33.729135901637754,
    32.47975419900833,
    32.465624618987874,
    34.92258159019686,
    35.722349905498056,
    31.808084179577254,
    32.09846320971513,
    35.02974051050702,
    39.41538086282714,
    42.56836916934761,
    51.71422020503521,
    58.99739056375747,
    67.60516791893859,
    73.90046336056969
  ],
  "per_joint_rmse": [
    2.0610489627776687,
    7.457506425374693,
    10.781843336506876,
    1.9753900421838808,
    3.72812178963912,
    0.33343072473623675
  ],
  "video_pixel_mse": 17270.4921875,
  "video_psnr_db": 5.7577564627243945,
  "actions_pred": [
    [
      5.270320892333984,
      -57.0978889465332,
      63.69795608520508,
      52.84673309326172,
      0.030838310718536377,
      1.8483948707580566
    ],
    [
      6.056056976318359,
      -55.72672653198242,
      62.18563270568848,
      52.76308250427246,
      0.1149628758430481,
      1.9747300148010254
    ],
    [
      6.430217742919922,
      -53.44145965576172,
      60.50527000427246,
      52.77784538269043,
      -0.07081097364425659,
      2.1272072792053223
    ],
    [
      7.028873443603516,
      -51.79606628417969,
      58.57285499572754,
      52.57118034362793,
      0.08692103624343872,
      2.266615390777588
    ],
    [
      8.600349426269531,
      -50.059261322021484,
      57.64865493774414,
      52.45308494567871,
      -0.0813261866569519,
      1.9006714820861816
    ],
    [
      9.722831726074219,
      -48.41386795043945,
      56.724456787109375,
      52.04959678649902,
      -0.23555344343185425,
      1.761263370513916
    ],
    [
      10.77048110961914,
      -46.128604888916016,
      54.79203987121582,
      51.70515441894531,
      -0.24957436323165894,
      1.743837833404541
    ],
    [
      12.267120361328125,
      -44.483211517333984,
      53.44775199890137,
      51.58706092834473,
      -0.1303984522819519,
      1.6741318702697754
    ],
    [
      12.865779876708984,
      -42.83781814575195,
      51.431318283081055,
      51.48864936828613,
      -0.23555344343185425,
      2.266615390777588
    ],
    [
      13.763763427734375,
      -40.46113967895508,
      50.08702850341797,
      51.07531929016113,
      -0.4739043116569519,
      2.231764316558838
    ],
    [
      15.33523941040039,
      -39.36420822143555,
      49.07881164550781,
      51.01627159118652,
      -0.5159661173820496,
      1.9529480934143066
    ],
    [
      16.607383728027344,
      -37.35317611694336,
      47.3984489440918,
      50.99658966064453,
      -0.44586342573165894,
      1.9877991676330566
    ],
    [
      16.981544494628906,
      -35.15932083129883,
      45.550052642822266,
      50.484846115112305,
      -0.6141106486320496,
      1.9180970191955566
    ],
    [
      17.80469512939453,
      -34.0623893737793,
      44.37379837036133,
      50.34707069396973,
      -1.034730613231659,
      2.1097817420959473
    ],
    [
      19.451004028320312,
      -32.05134963989258,
      43.19754409790039,
      50.4061164855957,
      -0.5299870371818542,
      1.8832459449768066
    ],
    [
      20.199325561523438,
      -29.674671173095703,
      41.34914779663086,
      50.36675262451172,
      -0.7823588252067566,
      2.3363213539123535
    ],
    [
      21.097309112548828,
      -28.212100982666016,
      39.668785095214844,
      50.563575744628906,
      -0.9225651621818542,
      1.5695786476135254
    ],
    [
      21.546302795410156,
      -27.84646224975586,
      37.988426208496094,
      50.66198921203613,
      -0.7893692851066589,
      1.8658204078674316
    ],
    [
      22.743614196777344,
      -25.28696060180664,
      37.316280364990234,
      50.44548225402832,
      -0.7122551798820496,
      2.0226540565490723
    ],
    [
      22.893280029296875,
      -24.555675506591797,
      35.63591766357422,
      50.70135307312012,
      -0.9506060481071472,
      1.9180970191955566
    ],
    [
      24.240257263183594,
      -23.64156723022461,
      35.29984664916992,
      51.154048919677734,
      -0.6000906825065613,
      2.6151375770568848
    ],
    [
      24.389923095703125,
      -23.09310531616211,
      34.62770080566406,
      51.25246047973633,
      -0.8384415507316589,
      1.6392807960510254
    ],
    [
      25.138240814208984,
      -21.996173858642578,
      34.45966339111328,
      51.33119010925293,
      -0.7262760996818542,
      1.9180970191955566
    ],
    [
      25.587234497070312,
      -21.996173858642578,
      33.9555549621582,
      51.40991973876953,
      -1.0207096934318542,
      1.6392807960510254
    ]
  ],