{
  "tag": "ep50_f150_grasp",
  "episode": 50,
  "frame_in_ep": 150,
  "prompt": "Pick the red cube",
  "episode_length": 374,
  "state": [
    25.99243927001953,
    4.5667948722839355,
    18.384021759033203,
    57.80296325683594,
    16.72771644592285,
    10.425240516662598
  ],
  "gt_motion_magnitude_deg": 32.43584397700768,
  "predicted_frames": 9,
  "predicted_resolution": [
    352,
    640
  ],
  "latent_shape": [
    1,
    16,
    3,
    44,
    80
  ],
  "action_mse_deg2": 21.014976122912607,
  "action_rmse_deg": 4.584209432706212,
  "per_step_mse": [
    10.515238177372376,
    10.089775344066197,
    9.295796378561477,
    9.039637782296154,
    9.340523806827946,
    11.424514936908698,
    10.439846737181446,
    10.573494853463217,
    9.444937036575539,
    9.765891008249886,
    10.630637112939743,
    11.789772607649715,
    18.822073063885,
    31.451752458657364,
    43.739988639583466,
    66.07789572409608,
    49.94502301969411,
    47.613501574665555,
    35.75909342393046,
    23.426889213615596,
    11.299457673104067,
    14.626551663538672,
    16.498558320226795,
    22.748576392812993
  ],
  "per_joint_rmse": [
    1.9392339564833143,
    1.8251579763150108,
    5.127522985838612,
    5.6487641632457635,
    0.4460015437860496,
    7.784541145222302
  ],
  "video_pixel_mse": 22532.583984375,
  "video_psnr_db": 4.602693624059057,
  "actions_pred": [
    [
      26.43621826171875,
      5.133983135223389,
      16.360149383544922,
      57.6867618560791,
      16.723365783691406,
      8.33513355255127
    ],
    [
      26.174304962158203,
      4.699779033660889,
      16.360149383544922,
      57.748268127441406,
      16.8074893951416,
      8.918904304504395
    ],
    [
      25.76272964477539,
      4.951159954071045,
      16.19211196899414,
      57.90818786621094,
      16.58074951171875,
      9.032170295715332
    ],
    [
      25.556941986083984,
      4.951159954071045,
      15.982067108154297,
      57.785173416137695,
      16.835530281066895,
      9.485245704650879
    ],
    [
      26.21172332763672,
      5.179687023162842,
      16.23412322998047,
      57.7654914855957,
      16.835530281066895,
      8.927617073059082
    ],
    [
      26.136890411376953,
      4.699779033660889,
      16.906265258789062,
      57.46041488647461,
      16.7093448638916,
      8.579094886779785
    ],
    [
      25.85626983642578,
      4.356990337371826,
      16.465171813964844,
      57.534223556518555,
      16.77944850921631,
      9.101876258850098
    ],
    [
      26.43621826171875,
      4.562663555145264,
      16.69622039794922,
      57.58342933654785,
      16.8986234664917,
      8.997319221496582
    ],
    [
      25.80014419555664,
      4.174167156219482,
      16.27613067626953,
      57.82453727722168,
      17.0037784576416,
      10.286839485168457
    ],
    [
      25.63177490234375,
      4.174167156219482,
      16.33914566040039,
      57.716285705566406,
      16.863572120666504,
      10.84447193145752
    ],
    [
      25.837562561035156,
      4.128463268280029,
      16.69622039794922,
      57.58835029602051,
      16.821510314941406,
      11.785473823547363
    ],
    [
      26.136890411376953,
      4.356990337371826,
      16.822246551513672,
      57.7654914855957,
      17.0458402633667,
      14.050850868225098
    ],
    [
      25.53823471069336,
      4.2427287101745605,
      16.570194244384766,
      57.54898452758789,
      16.912644386291504,
      18.093674659729004
    ],
    [
      25.164073944091797,
      3.6714091300964355,
      16.906265258789062,
      57.56374740600586,
      16.6112003326416,
      21.927388191223145
    ],
    [
      25.912395477294922,
      3.8542323112487793,
      17.32635498046875,
      57.6080322265625,
      17.115943908691406,
      24.924656867980957
    ],
    [
      25.837562561035156,
      4.951159954071045,
      17.41037368774414,
      57.80485534667969,
      17.17202663421631,
      29.246296882629395
    ],
    [
      25.687896728515625,
      4.768336772918701,
      17.662429809570312,
      57.647396087646484,
      16.835530281066895,
      31.058594703674316
    ],
    [
      24.789913177490234,
      3.6714091300964355,
      18.156036376953125,
      57.48993682861328,
      17.115943908691406,
      33.84675312042236
    ],
    [
      24.86474609375,
      4.402694225311279,
      18.06151580810547,
      57.33247756958008,
      17.179036140441895,
      35.38023853302002
    ],
    [
      24.09771728515625,
      3.8085246086120605,
      18.313568115234375,
      57.39152526855469,
      17.031819343566895,
      35.79845905303955
    ],
    [
      23.835803985595703,
      3.3057665824890137,
      18.177040100097656,
      57.4505729675293,
      17.4384183883667,
      36.21668338775635
    ],
    [
      23.18102264404297,
      3.191504955291748,
      18.733657836914062,
      57.234066009521484,
      17.017799377441406,
      35.10142230987549
    ],
    [
      22.432701110839844,
      3.0315356254577637,
      18.922698974609375,
      57.189781188964844,
      17.263160705566406,
      36.49549961090088
    ],
    [
      20.97347640991211,
      3.3057665824890137,
      19.38479995727539,
      56.91914749145508,
      16.919654846191406,
      35.937867164611816
    ]
  ],