{
  "tag": "f084",
  "frame_in_ep": 84,
  "t_wall_s": 2.8,
  "action_rmse_deg": 1.5735122747236143,
  "action_mse_deg2": 2.475940878705883,
  "per_joint_rmse": [
    0.8593673882856296,
    1.4076716825528828,
    3.1186374927506684,
    1.0195609928053149,
    0.6906983679816392,
    0.9450527676020735
  ],
  "per_step_mse": [
    2.078386493146508,
    1.6833488016961102,
    1.8647597507656453,
    2.3273292216499635,
    2.066204096041003,
    1.4215848233514545,
    1.9158135698879188,
    1.7803396661095714,
    2.3363857723362784,
    2.091609856310074,
    1.868013421913003,
    2.346696241534405,
    2.9343322530741247,
    2.9269279726527038,
    2.6906721462311816,
    2.474232459369605,
    2.9753676461731238,
    3.6722693108933058,
    2.643292728364166,
    2.077306570231895,
    1.9024832120576416,
    2.124672052628218,
    3.173420434667842,
    6.047132587855461
  ],
  "video_psnr_db": 18.30504760293152,
  "video_pixel_mse": 960.6730346679688,
  "actions_pred": [
    [
      -4.158526420593262,
      -92.95378112792969,
      93.47161102294922,
      52.4900016784668,
      -3.385178565979004,
      0.37270092964172363
    ],
    [
      -4.532687187194824,
      -93.66221237182617,
      93.68165588378906,
      52.57242202758789,
      -3.24497127532959,
      0.8998348712921143
    ],
    [
      -5.056509971618652,
      -93.63935852050781,
      93.49261474609375,
      52.790157318115234,
      -3.5315189361572266,
      1.0000355243682861
    ],
    [
      -5.1219892501831055,
      -93.22801208496094,
      93.11453247070312,
      52.73603057861328,
      -3.188889503479004,
      1.418259859085083
    ],
    [
      -4.532687187194824,
      -93.13660049438477,
      93.42959976196289,
      52.8049201965332,
      -3.273013114929199,
      0.8780529499053955
    ],
    [
      -4.308188438415527,
      -93.52509689331055,
      94.03873062133789,
      52.421112060546875,
      -3.3571367263793945,
      0.5469601154327393
    ],
    [
      -4.457854270935059,
      -93.86788558959961,
      93.42959976196289,
      52.514604568481445,
      -3.3290958404541016,
      0.9303295612335205
    ],
    [
      -3.934027671813965,
      -93.75362396240234,
      93.7026596069336,
      52.40389060974121,
      -3.199404716491699,
      0.7909214496612549
    ],
    [
      -4.570101737976074,
      -94.33636474609375,
      93.19855117797852,
      52.745872497558594,
      -3.104764938354492,
      1.487962007522583
    ],
    [
      -4.832015037536621,
      -94.14212036132812,
      93.24055862426758,
      52.5195255279541,
      -3.3290958404541016,
      1.2439968585968018
    ],
    [
      -4.532687187194824,
      -94.3249397277832,
      93.49261474609375,
      52.37190628051758,
      -3.315074920654297,
      1.0000355243682861
    ],
    [
      -4.308188438415527,
      -94.41635131835938,
      93.19855117797852,
      52.60809516906738,
      -3.153837203979492,
      1.0697376728057861
    ],
    [
      -4.808627128601074,
      -94.64487838745117,
      92.69444274902344,
      52.52936553955078,
      -3.262497901916504,
      0.8954784870147705
    ],
    [
      -5.056509971618652,
      -95.05622482299805,
      92.77846145629883,
      52.480159759521484,
      -3.581467628479004,
      0.8780529499053955
    ],
    [
      -4.233355522155762,
      -94.96481704711914,
      93.11453247070312,
      52.5687313079834,
      -3.104764938354492,
      0.7909214496612549
    ],
    [
      -4.532687187194824,
      -94.41635131835938,
      92.98850631713867,
      52.45063591003418,
      -3.153837203979492,
      1.1394436359405518
    ],
    [
      -4.345606803894043,
      -94.553466796875,
      92.61042404174805,
      52.52936553955078,
      -3.5253849029541016,
      0.33784985542297363
    ],
    [
      -4.832015037536621,
      -95.78750991821289,
      92.4003791809082,
      52.52936553955078,
      -3.3571367263793945,
      0.43369030952453613
    ],
    [
      -4.121108055114746,
      -94.69058227539062,
      92.27435302734375,
      52.29317665100098,
      -3.287034034729004,
      0.5121090412139893
    ],
    [
      -4.64493465423584,
      -95.14763641357422,
      91.98028945922852,
      52.3128604888916,
      -3.385178565979004,
      0.40755200386047363
    ],
    [
      -4.121108055114746,
      -96.0617446899414,
      91.64421463012695,
      52.214447021484375,
      -3.174868583679199,
      0.5121090412139893
    ],
    [
      -4.233355522155762,
      -96.3474006652832,
      91.72823333740234,
      51.938894271850586,
      -3.469302177429199,
      -0.11522555351257324
    ],
    [
      -4.289481163024902,
      -96.38167953491211,
      91.64421463012695,
      51.6633415222168,
      -3.339611053466797,
      -0.5334498882293701
    ],
    [
      -4.7571821212768555,
      -95.97033309936523,
      92.02229690551758,
      51.68302345275879,
      -3.6024980545043945,
      -0.4637477397918701
    ]
  ],