{
  "tag": "ep206_novel",
  "episode": 206,
  "training_task": "Put the red cube on top of the blue cube",
  "prompt": "Put the blue cube on top of the red cube",
  "prompt_kind": "novel",
  "episode_length": 573,
  "n_steps": 60,
  "frames_per_step": 9,
  "total_imagined_frames": 540,
  "mean_chunk_time_s": 7.608335840702057,
  "total_rollout_time_s": 456.5001504421234,
  "initial_state": [
    -0.47258979082107544,
    -98.71958923339844,
    98.54743194580078,
    65.2136001586914,
    2.3199024200439453,
    1.5775034427642822
  ],
  "final_imagined_state": [
    -5.237890541553497,
    -124.55098342895508,
    -108.96148681640625,
    96.71070861816406,
    5.4167890548706055,
    -59.283172369003296
  ],
  "mean_drift_deg": 102.49185223370577,
  "final_drift_deg": 219.33338196026628,
  "n_completed_steps": 60
}