{
  "tag": "ep000_novel",
  "episode": 0,
  "training_task": "Pick the red cube",
  "prompt": "Pick the blue cube",
  "prompt_kind": "novel",
  "episode_length": 328,
  "n_steps": 60,
  "frames_per_step": 9,
  "total_imagined_frames": 540,
  "mean_chunk_time_s": 7.610766971111298,
  "total_rollout_time_s": 456.64601826667786,
  "initial_state": [
    -0.47258979082107544,
    -99.23175048828125,
    95.36994934082031,
    67.74193572998047,
    -1.6361416578292847,
    1.9890260696411133
  ],
  "final_imagined_state": [
    4.639941871166229,
    -84.54535102844238,
    -110.66864585876465,
    37.682387351989746,
    17.94902813434601,
    -84.66210842132568
  ],
  "mean_drift_deg": 138.3248606851428,
  "final_drift_deg": 232.10949553877276,
  "n_completed_steps": 60
}