{
  "rollouts": [
    {
      "tag": "ep000_train",
      "episode": 0,
      "training_task": "Pick the red cube",
      "prompt": "Pick the red cube",
      "prompt_kind": "training",
      "episode_length": 328,
      "n_steps": 60,
      "frames_per_step": 9,
      "total_imagined_frames": 540,
      "mean_chunk_time_s": 7.603848469257355,
      "total_rollout_time_s": 456.2309081554413,
      "initial_state": [
        -0.47258979082107544,
        -99.23175048828125,
        95.36994934082031,
        67.74193572998047,
        -1.6361416578292847,
        1.9890260696411133
      ],
      "final_imagined_state": [
        -10.775461494922638,
        -94.7262134552002,
        -98.0869312286377,
        48.51753616333008,
        11.73087227344513,
        -110.59193897247314
      ],
      "mean_drift_deg": 137.6379550432862,
      "final_drift_deg": 231.69740594183207,
      "n_completed_steps": 60
    },
    {
      "tag": "ep000_novel",
      "episode": 0,
      "training_task": "Pick the red cube",
      "prompt": "Pick the blue cube",
      "prompt_kind": "novel",
      "episode_length": 328,
      "n_steps": 60,
      "frames_per_step": 9,
      "total_imagined_frames": 540,
      "mean_chunk_time_s": 7.610766971111298,
      "total_rollout_time_s": 456.64601826667786,
      "initial_state": [
        -0.47258979082107544,
        -99.23175048828125,
        95.36994934082031,
        67.74193572998047,
        -1.6361416578292847,
        1.9890260696411133
      ],
      "final_imagined_state": [
        4.639941871166229,
        -84.54535102844238,
        -110.66864585876465,
        37.682387351989746,
        17.94902813434601,
        -84.66210842132568
      ],
      "mean_drift_deg": 138.3248606851428,
      "final_drift_deg": 232.10949553877276,
      "n_completed_steps": 60
    },
    {
      "tag": "ep245_train",
      "episode": 245,
      "training_task": "Pick the red cube and place it in the bowl",
      "prompt": "Pick the red cube and place it in the bowl",
      "prompt_kind": "training",
      "episode_length": 537,
      "n_steps": 60,
      "frames_per_step": 9,
      "total_imagined_frames": 540,
      "mean_chunk_time_s": 7.622188937664032,
      "total_rollout_time_s": 457.3313362598419,
      "initial_state": [
        -2.5519847869873047,
        -99.23175048828125,
        93.46345520019531,
        74.89102172851562,
        -0.8058608174324036,
        1.8518518209457397
      ],
      "final_imagined_state": [
        25.30951690673828,
        -132.58738708496094,
        -93.04093933105469,
        106.64400482177734,
        -0.21165496110916138,
        -16.559170365333557
      ],
      "mean_drift_deg": 110.41382036491972,
      "final_drift_deg": 196.86235472064098,
      "n_completed_steps": 60
    },
    {
      "tag": "ep245_novel",
      "episode": 245,
      "training_task": "Pick the red cube and place it in the bowl",
      "prompt": "Pick the yellow cube and place it in the bowl",
      "prompt_kind": "novel",
      "episode_length": 537,
      "n_steps": 60,
      "frames_per_step": 9,
      "total_imagined_frames": 540,
      "mean_chunk_time_s": 7.620825378100077,
      "total_rollout_time_s": 457.24952268600464,
      "initial_state": [
        -2.5519847869873047,
        -99.23175048828125,
        93.46345520019531,
        74.89102172851562,
        -0.8058608174324036,
        1.8518518209457397
      ],
      "final_imagined_state": [
        22.952287673950195,
        -186.20549392700195,
        -75.85923385620117,
        132.0441198348999,
        -1.6487725377082825,
        -37.4354864358902
      ],
      "mean_drift_deg": 112.67634576335544,
      "final_drift_deg": 206.5169548879124,
      "n_completed_steps": 60
    },
    {
      "tag": "ep206_train",
      "episode": 206,
      "training_task": "Put the red cube on top of the blue cube",
      "prompt": "Put the red cube on top of the blue cube",
      "prompt_kind": "training",
      "episode_length": 573,
      "n_steps": 60,
      "frames_per_step": 9,
      "total_imagined_frames": 540,
      "mean_chunk_time_s": 7.596321868896484,
      "total_rollout_time_s": 455.77931213378906,
      "initial_state": [
        -0.47258979082107544,
        -98.71958923339844,
        98.54743194580078,
        65.2136001586914,
        2.3199024200439453,
        1.5775034427642822
      ],
      "final_imagined_state": [
        -26.864380180835724,
        -83.450439453125,
        -95.95966720581055,
        66.20301246643066,
        4.750812530517578,
        -28.33466124534607
      ],
      "mean_drift_deg": 90.10852435089308,
      "final_drift_deg": 192.55696172099954,
      "n_completed_steps": 60
    },
    {
      "tag": "ep206_novel",
      "episode": 206,
      "training_task": "Put the red cube on top of the blue cube",
      "prompt": "Put the blue cube on top of the red cube",
      "prompt_kind": "novel",
      "episode_length": 573,
      "n_steps": 60,
      "frames_per_step": 9,
      "total_imagined_frames": 540,
      "mean_chunk_time_s": 7.608335840702057,
      "total_rollout_time_s": 456.5001504421234,
      "initial_state": [
        -0.47258979082107544,
        -98.71958923339844,
        98.54743194580078,
        65.2136001586914,
        2.3199024200439453,
        1.5775034427642822
      ],
      "final_imagined_state": [
        -5.237890541553497,
        -124.55098342895508,
        -108.96148681640625,
        96.71070861816406,
        5.4167890548706055,
        -59.283172369003296
      ],
      "mean_drift_deg": 102.49185223370577,
      "final_drift_deg": 219.33338196026628,
      "n_completed_steps": 60
    }
  ]
}