{
  "tag": "f424",
  "frame_in_ep": 424,
  "t_wall_s": 14.133333333333333,
  "action_rmse_deg": 11.198298636945864,
  "action_mse_deg2": 125.4018923622236,
  "per_joint_rmse": [
    0.9501092941711837,
    0.8927023442412195,
    2.138986501781074,
    0.5184719479567345,
    0.8373607598836365,
    27.29773762730613
  ],
  "per_step_mse": [
    178.40837683226655,
    183.9090349230697,
    188.23361925945747,
    191.30512679153503,
    185.0473301303863,
    183.9486809922483,
    186.76383785080944,
    183.34796449164637,
    188.77457344206857,
    185.952724631366,
    182.78469669871484,
    176.6536731465594,
    159.39769838925017,
    132.63724548755894,
    98.30057513741197,
    66.65712248071168,
    31.743429665732794,
    10.368051561943654,
    1.3133372368952223,
    5.482827880533326,
    21.91731402844137,
    50.425653976056616,
    90.10447209927163,
    126.16804955943144
  ],
  "video_psnr_db": 19.027646111066613,
  "video_pixel_mse": 813.4216918945312,
  "actions_pred": [
    [
      -47.925662994384766,
      44.224510192871094,
      -28.586952209472656,
      28.993839263916016,
      11.479540824890137,
      36.00309753417969
    ],
    [
      -48.22499465942383,
      43.67604446411133,
      -28.460926055908203,
      29.00860023498535,
      11.535623550415039,
      36.50844955444336
    ],
    [
      -48.59915542602539,
      43.950279235839844,
      -28.607955932617188,
      29.028284072875977,
      11.276241302490234,
      36.90924835205078
    ],
    [
      -48.9078369140625,
      44.13309860229492,
      -28.7969970703125,
      28.856061935424805,
      11.563664436340332,
      37.18806457519531
    ],
    [
      -48.374656677246094,
      44.13309860229492,
      -28.397911071777344,
      28.718286514282227,
      11.423458099365234,
      36.5955810546875
    ],
    [
      -48.374656677246094,
      43.72175216674805,
      -27.49471664428711,
      28.275432586669922,
      11.199128150939941,
      36.421321868896484
    ],
    [
      -48.67398452758789,
      43.44751739501953,
      -28.019832611083984,
      28.2852725982666,
      11.269230842590332,
      36.734989166259766
    ],
    [
      -48.22499465942383,
      43.62462615966797,
      -27.914810180664062,
      28.245908737182617,
      11.39716911315918,
      36.491024017333984
    ],
    [
      -48.67398452758789,
      43.26469802856445,
      -28.460926055908203,
      28.47225570678711,
      11.395417213439941,
      37.11835861206055
    ],
    [
      -48.86106491088867,
      43.5389289855957,
      -28.649967193603516,
      28.2852725982666,
      11.199128150939941,
      36.87439727783203
    ],
    [
      -48.44948959350586,
      43.67604446411133,
      -28.628963470458984,
      28.226226806640625,
      11.072941780090332,
      36.665283203125
    ],
    [
      -48.09403610229492,
      43.5389289855957,
      -29.007041931152344,
      28.40336799621582,
      11.100983619689941,
      36.70013427734375
    ],
    [
      -48.44013595581055,
      43.516075134277344,
      -29.763206481933594,
      28.2852725982666,
      10.936240196228027,
      36.491024017333984
    ],
    [
      -48.67398452758789,
      43.218990325927734,
      -29.931243896484375,
      28.216384887695312,
      10.52613639831543,
      36.456172943115234
    ],
    [
      -47.7760009765625,
      43.40181350708008,
      -30.015262603759766,
      28.186861038208008,
      10.778508186340332,
      36.1773567199707
    ],
    [
      -48.00049591064453,
      44.224510192871094,
      -30.477359771728516,
      28.088449478149414,
      10.484074592590332,
      36.491024017333984
    ],
    [
      -47.81341552734375,
      43.904571533203125,
      -31.023479461669922,
      28.088449478149414,
      9.923249244689941,
      35.689430236816406
    ],
    [
      -47.62633514404297,
      42.39629364013672,
      -31.485576629638672,
      28.009719848632812,
      9.825104713439941,
      35.84626388549805
    ],
    [
      -47.065093994140625,
      43.310401916503906,
      -31.90566635131836,
      27.773530960083008,
      9.726960182189941,
      36.07279968261719
    ],
    [
      -47.2708854675293,
      42.53341293334961,
      -32.199729919433594,
      27.85226058959961,
      9.530671119689941,
      36.03794860839844
    ],
    [
      -46.61610412597656,
      41.665008544921875,
      -32.61981964111328,
      27.891626358032227,
      9.670877456665039,
      36.28191375732422
    ],
    [
      -46.5412712097168,
      41.24223327636719,
      -32.57781219482422,
      27.773530960083008,
      9.306340217590332,
      36.07279968261719
    ],
    [
      -46.46643829345703,
      41.390777587890625,
      -32.955894470214844,
      27.773530960083008,
      9.516650199890137,
      35.30605697631836
    ],
    [
      -46.803184509277344,
      41.29936599731445,
      -32.913883209228516,
      27.753849029541016,
      9.152113914489746,
      35.375762939453125
    ]
  ],