{
  "tag": "f509",
  "frame_in_ep": 509,
  "t_wall_s": 16.966666666666665,
  "action_rmse_deg": 26.70468359142248,
  "action_mse_deg2": 713.140125717989,
  "per_joint_rmse": [
    8.068167925230528,
    43.95061099277995,
    47.10327970233866,
    7.888292002306921,
    0.3366271333971188,
    1.0157690397911154
  ],
  "per_step_mse": [
    111.54272455622625,
    150.37822458036894,
    202.09549727696822,
    257.6849063461528,
    314.4908274174673,
    364.1514510760985,
    442.4497113172118,
    517.3717871308559,
    600.1432314150984,
    680.6532650996506,
    754.6811061890154,
    843.0485079116393,
    889.9001459042152,
    884.1315854819894,
    870.6293634975509,
    893.3058571395278,
    912.5479719552153,
    935.1508200418119,
    988.5204881148583,
    1020.598552246633,
    1062.5798428011744,
    1102.0439196343561,
    1146.1774499162273,
    1171.0857801814252
  ],
  "video_psnr_db": 18.882835770979042,
  "video_pixel_mse": 841.0015258789062,
  "actions_pred": [
    [
      -9.80162525177002,
      -44.626625061035156,
      30.547557830810547,
      56.40667915344238,
      9.210503578186035,
      71.13811874389648
    ],
    [
      -10.175786018371582,
      -45.15223693847656,
      30.631576538085938,
      56.46572685241699,
      9.29462718963623,
      71.57594680786133
    ],
    [
      -10.774445533752441,
      -45.08367919921875,
      30.442535400390625,
      56.74127960205078,
      9.05715274810791,
      71.83515930175781
    ],
    [
      -11.181344032287598,
      -44.85515213012695,
      30.379520416259766,
      56.6035041809082,
      9.32266902923584,
      72.07912063598633
    ],
    [
      -10.62477970123291,
      -44.76374053955078,
      30.631576538085938,
      56.72159767150879,
      9.210503578186035,
      71.50406265258789
    ],
    [
      -10.475113868713379,
      -45.15223693847656,
      31.34572982788086,
      56.3181095123291,
      9.09833812713623,
      71.24267578125
    ],
    [
      -10.699612617492676,
      -45.35791015625,
      30.75760269165039,
      56.40667915344238,
      9.19648265838623,
      71.51277923583984
    ],
    [
      -10.325451850891113,
      -45.16366195678711,
      30.988651275634766,
      56.313188552856445,
      9.29813289642334,
      71.34722900390625
    ],
    [
      -10.961525917053223,
      -45.495025634765625,
      30.526554107666016,
      56.74127960205078,
      9.406792640686035,
      71.97456741333008
    ],
    [
      -11.204728126525879,
      -45.26649856567383,
      30.526554107666016,
      56.564138412475586,
      9.238545417785645,
      71.8003044128418
    ],
    [
      -10.998940467834473,
      -45.26649856567383,
      30.799610137939453,
      56.446044921875,
      9.19648265838623,
      71.62604522705078
    ],
    [
      -10.699612617492676,
      -45.31220626831055,
      30.379520416259766,
      56.682233810424805,
      9.301637649536133,
      71.83515930175781
    ],
    [
      -11.279561042785645,
      -45.220794677734375,
      29.833404541015625,
      56.64286804199219,
      9.250813484191895,
      71.62604522705078
    ],
    [
      -11.560181617736816,
      -45.63214111328125,
      29.791393280029297,
      56.740665435791016,
      8.958131790161133,
      71.64347076416016
    ],
    [
      -10.886693000793457,
      -45.540733337402344,
      30.08545684814453,
      56.859375,
      9.406792640686035,
      71.6086196899414
    ],
    [
      -11.373101234436035,
      -44.352394104003906,
      29.62335968017578,
      56.99715042114258,
      9.427824020385742,
      71.97456741333008
    ],
    [
      -11.4479341506958,
      -44.260982513427734,
      28.951213836669922,
      57.449846267700195,
      9.042256355285645,
      71.13811874389648
    ],
    [
      -11.971756935119629,
      -44.44380187988281,
      28.279067993164062,
      57.82381057739258,
      9.24555492401123,
      71.38208389282227
    ],
    [
      -11.560181617736816,
      -42.34135818481445,
      27.56491470336914,
      58.05999946594238,
      9.419060707092285,
      71.8003044128418
    ],
    [
      -12.308503150939941,
      -41.701480865478516,
      26.89276885986328,
      58.611106872558594,
      9.266586303710938,
      71.90486145019531
    ],
    [
      -12.177544593811035,
      -41.153018951416016,
      25.548480987548828,
      59.1326904296875,
      9.336689949035645,
      72.60190200805664
    ],
    [
      -12.383332252502441,
      -40.05609130859375,
      24.96035385131836,
      59.378719329833984,
      9.02823543548584,
      72.53219604492188
    ],
    [
      -12.701371192932129,
      -38.77634048461914,
      24.288211822509766,
      59.6739559173584,
      9.094833374023438,
      72.53219604492188
    ],
    [
      -13.468400001525879,
      -37.907936096191406,
      24.45624542236328,
      59.851097106933594,
      8.712770462036133,
      72.72388076782227
    ]
  ],