{
  "tag": "f000",
  "frame_in_ep": 0,
  "t_wall_s": 0.0,
  "action_rmse_deg": 15.695473943482778,
  "action_mse_deg2": 246.3479023105468,
  "per_joint_rmse": [
    4.3374277881898795,
    1.6244294476166887,
    4.271004685458683,
    34.73139626956299,
    15.149730590447069,
    1.6154436528342933
  ],
  "per_step_mse": [
    262.0628587719453,
    257.4503385709682,
    250.96715560789676,
    246.59968689049091,
    243.0225073863261,
    235.19544789643524,
    236.14293817853718,
    237.12267414615727,
    239.63303351303034,
    237.9631783735641,
    238.81227746719946,
    244.6327987542996,
    243.20354591418518,
    240.42643881666004,
    244.90764302659977,
    244.05678950456976,
    241.57729258384225,
    243.91039250517474,
    243.49688785442981,
    247.09571223379794,
    251.57261578871848,
    256.66299569114267,
    261.4271966989479,
    264.4072492782045
  ],
  "video_psnr_db": 18.341302277730954,
  "video_pixel_mse": 952.686767578125,
  "actions_pred": [
    [
      1.2077606916427612,
      -93.35835266113281,
      92.46881484985352,
      87.2729663848877,
      11.371164321899414,
      -0.3977646827697754
    ],
    [
      0.6091049909591675,
      -94.08963775634766,
      92.57383728027344,
      86.9974136352539,
      11.371164321899414,
      -0.11023569107055664
    ],
    [
      0.010445475578308105,
      -93.90681838989258,
      92.59484100341797,
      86.70217704772949,
      10.971575736999512,
      -0.18865442276000977
    ],
    [
      -0.17663490772247314,
      -93.58687973022461,
      92.25876998901367,
      86.24948310852051,
      11.146833419799805,
      0.09016180038452148
    ],
    [
      0.23494422435760498,
      -93.35835266113281,
      92.42680740356445,
      85.91488265991211,
      11.06270980834961,
      -0.502321720123291
    ],
    [
      0.08527839183807373,
      -93.76969909667969,
      93.18296813964844,
      85.40314102172852,
      10.86642074584961,
      -0.7288575172424316
    ],
    [
      0.010445475578308105,
      -93.97537612915039,
      92.51082611083984,
      85.40314102172852,
      10.96456527709961,
      -0.3106369972229004
    ],
    [
      0.309773325920105,
      -94.02108001708984,
      92.65785598754883,
      85.40314102172852,
      11.076730728149414,
      -0.537172794342041
    ],
    [
      -0.28888237476348877,
      -94.46670532226562,
      92.13274383544922,
      85.63932991027832,
      11.146833419799805,
      0.36897802352905273
    ],
    [
      -0.532084584236145,
      -94.3638687133789,
      91.92269897460938,
      85.56060028076172,
      10.978586196899414,
      0.055310726165771484
    ],
    [
      -0.3637152910232544,
      -94.72951126098633,
      92.17475128173828,
      85.6196460723877,
      10.96456527709961,
      -0.467470645904541
    ],
    [
      0.10398566722869873,
      -94.54669189453125,
      92.15374755859375,
      86.0329761505127,
      11.097761154174805,
      -0.04924631118774414
    ],
    [
      -0.3029128313064575,
      -94.88948059082031,
      91.58662414550781,
      85.91488265991211,
      10.999616622924805,
      -0.08409738540649414
    ],
    [
      -0.7752906084060669,
      -95.36938858032227,
      91.83868026733398,
      85.89520072937012,
      10.642090797424316,
      -0.08409738540649414
    ],
    [
      0.010445475578308105,
      -95.2779769897461,
      92.34278869628906,
      86.0132942199707,
      11.202916145324707,
      -0.15380334854125977
    ],
    [
      0.010445475578308105,
      -94.18104934692383,
      92.04872512817383,
      85.99361228942871,
      11.118792533874512,
      0.2992720603942871
    ],
    [
      -0.17663490772247314,
      -94.54669189453125,
      92.09073257446289,
      85.91488265991211,
      10.782297134399414,
      -0.4326157569885254
    ],
    [
      -0.5882102251052856,
      -96.00926208496094,
      92.17475128173828,
      86.0329761505127,
      10.96456527709961,
      -0.3019242286682129
    ],
    [
      -0.25146400928497314,
      -94.91233444213867,
      92.15374755859375,
      85.99361228942871,
      11.017143249511719,
      -0.25835657119750977
    ],
    [
      -0.6817504167556763,
      -95.41509246826172,
      92.25876998901367,
      86.3675765991211,
      10.978586196899414,
      -0.11894845962524414
    ],
    [
      -0.3403273820877075,
      -96.37490463256836,
      92.11174011230469,
      86.54471969604492,
      11.202916145324707,
      0.15986394882202148
    ],
    [
      -0.32629692554473877,
      -96.76340103149414,
      91.92269897460938,
      86.97773170471191,
      11.034668922424316,
      -0.18865442276000977
    ],
    [
      -0.7565833330154419,
      -96.69484329223633,
      91.71265411376953,
      87.26312637329102,
      11.316834449768066,
      -0.6068787574768066
    ],
    [
      -1.1868659257888794,
      -96.92337036132812,
      92.11174011230469,
      87.64693260192871,
      11.181885719299316,
      -0.502321720123291
    ]
  ],