{
  "tag": "f169",
  "frame_in_ep": 169,
  "t_wall_s": 5.633333333333334,
  "action_rmse_deg": 19.6062149831846,
  "action_mse_deg2": 384.4036659668523,
  "per_joint_rmse": [
    0.8003847964949844,
    12.630052768823779,
    7.829865695286205,
    5.0734600720395,
    1.2335630206465313,
    45.36181957770957
  ],
  "per_step_mse": [
    249.36119372516464,
    292.6813873210874,
    324.2876226180047,
    357.189548956279,
    395.21478910701995,
    407.4156442041183,
    377.1213545658224,
    362.1591899322088,
    334.3613445974231,
    328.9424659341032,
    343.03153242106214,
    353.22725834973704,
    357.6295860945692,
    364.93904334101654,
    373.9954744975685,
    369.38618777215606,
    399.73629989787736,
    416.50279058738806,
    416.3221807105576,
    435.74388531163237,
    460.0981836665729,
    492.43227373370536,
    498.6803080211316,
    515.2284378382489
  ],
  "video_psnr_db": 18.28674668189048,
  "video_pixel_mse": 964.7297973632812,
  "actions_pred": [
    [
      -1.2349151372909546,
      -30.216039657592773,
      11.885293006896973,
      87.65219688415527,
      17.938054084777832,
      32.88168716430664
    ],
    [
      -1.8335708379745483,
      -30.99302864074707,
      12.179356575012207,
      87.63743591308594,
      18.050219535827637,
      36.64569854736328
    ],
    [
      -2.432226538658142,
      -31.130144119262695,
      12.032326698303223,
      87.65219688415527,
      17.68173885345459,
      40.68852233886719
    ],
    [
      -2.212408423423767,
      -30.39885902404785,
      11.654244422912598,
      87.45537376403809,
      18.050219535827637,
      44.10401153564453
    ],
    [
      -1.3845771551132202,
      -30.30744743347168,
      12.578442573547363,
      87.2585506439209,
      18.022177696228027,
      46.334537506103516
    ],
    [
      -1.4594100713729858,
      -30.650239944458008,
      13.292595863342285,
      87.0026798248291,
      17.741765022277832,
      48.2862434387207
    ],
    [
      -1.4968246221542358,
      -31.130144119262695,
      12.45241641998291,
      86.74680709838867,
      17.853930473327637,
      50.09854507446289
    ],
    [
      -0.6362556219100952,
      -31.278688430786133,
      13.040543556213379,
      86.72712516784668,
      18.05372428894043,
      50.51676940917969
    ],
    [
      -1.609075903892517,
      -31.541494369506836,
      12.347393989562988,
      86.88458442687988,
      18.190425872802734,
      51.63203048706055
    ],
    [
      -2.095484137535095,
      -31.358671188354492,
      12.36839771270752,
      86.49093627929688,
      17.741765022277832,
      51.77143859863281
    ],
    [
      -1.2723296880722046,
      -31.86142921447754,
      12.326390266418457,
      86.16617774963379,
      17.615578651428223,
      51.07440185546875
    ],
    [
      -1.4594100713729858,
      -30.99302864074707,
      11.990315437316895,
      86.3531608581543,
      17.811867713928223,
      50.51676940917969
    ],
    [
      -2.245146155357361,
      -31.450082778930664,
      10.940091133117676,
      85.6052303314209,
      17.471867561340332,
      50.65617752075195
    ],
    [
      -2.5444740056991577,
      -31.67860984802246,
      11.948307991027832,
      85.29031181335449,
      16.92856788635254,
      50.79558563232422
    ],
    [
      -1.4968246221542358,
      -31.450082778930664,
      12.200364112854004,
      84.99507522583008,
      17.265063285827637,
      50.79558563232422
    ],
    [
      -1.4594100713729858,
      -29.301931381225586,
      10.982098579406738,
      84.5423812866211,
      16.739288330078125,
      51.07440185546875
    ],
    [
      -1.5342429876327515,
      -29.34763526916504,
      11.444199562072754,
      83.91254425048828,
      15.975163459777832,
      49.959136962890625
    ],
    [
      -2.5070594549179077,
      -31.221555709838867,
      11.276162147521973,
      83.42048454284668,
      15.778874397277832,
      50.37736129760742
    ],
    [
      -2.132898688316345,
      -29.393342971801758,
      10.940091133117676,
      82.45604801177979,
      15.13392448425293,
      50.79558563232422
    ],
    [
      -2.5257667303085327,
      -29.941804885864258,
      10.435982704162598,
      82.29858875274658,
      14.334748268127441,
      50.65617752075195
    ],
    [
      -2.8531593084335327,
      -31.221555709838867,
      10.183926582336426,
      82.29858875274658,
      14.236603736877441,
      50.65617752075195
    ],
    [
      -2.956053137779236,
      -30.924470901489258,
      10.225937843322754,
      81.70811748504639,
      13.423405647277832,
      49.540916442871094
    ],
    [
      -2.5818923711776733,
      -30.71879768371582,
      10.057900428771973,
      81.47192859649658,
      13.086910247802734,
      50.09854507446289
    ],
    [
      -3.479875922203064,
      -30.6730899810791,
      9.511784553527832,
      80.84209251403809,
      12.470002174377441,
      49.959136962890625
    ]
  ],