{
  "tag": "ep100_f220_lift",
  "episode": 100,
  "frame_in_ep": 220,
  "prompt": "Pick the blue cube",
  "episode_length": 309,
  "state": [
    28.544424057006836,
    21.126760482788086,
    7.671357154846191,
    48.64864730834961,
    -9.352869033813477,
    11.17969799041748
  ],
  "gt_motion_magnitude_deg": 44.755501117702956,
  "predicted_frames": 9,
  "predicted_resolution": [
    352,
    640
  ],
  "latent_shape": [
    1,
    16,
    3,
    44,
    80
  ],
  "action_mse_deg2": 26.55541948202605,
  "action_rmse_deg": 5.153195075099142,
  "per_step_mse": [
    1.0592294193857394,
    2.306844083690862,
    4.036397219985133,
    5.482183387315217,
    8.107677867496363,
    12.28395114420122,
    20.98852711849425,
    22.92849984132984,
    29.88696533137636,
    33.66574020591421,
    34.32291106288509,
    38.27510399063749,
    40.40794049617383,
    42.61767974444789,
    39.9720214684908,
    41.77477158960855,
    41.54806618237438,
    36.8422024854677,
    37.90016345589576,
    33.68376994403593,
    27.22050987410061,
    26.237401419638445,
    26.76487876083066,
    29.016631474848964
  ],
  "per_joint_rmse": [
    5.299851469014641,
    7.7623139961566165,
    8.267395872149327,
    1.2118085922017254,
    1.00899481805494,
    0.39266730164784136
  ],
  "video_pixel_mse": 17769.095703125,
  "video_psnr_db": 5.634150344206077,
  "actions_pred": [
    [
      28.314714431762695,
      18.311750411987305,
      6.571682929992676,
      48.80799865722656,
      -9.805880546569824,
      4.489134788513184
    ],
    [
      28.127634048461914,
      17.28338050842285,
      7.243828773498535,
      48.973453521728516,
      -9.609591484069824,
      4.698245048522949
    ],
    [
      27.7160587310791,
      16.20930290222168,
      7.9999895095825195,
      49.113075256347656,
      -9.735777854919434,
      4.384577751159668
    ],
    [
      27.3886661529541,
      14.838144302368164,
      8.63012409210205,
      48.97529983520508,
      -9.469385147094727,
      4.872506141662598
    ],
    [
      27.34189796447754,
      13.42127799987793,
      9.91140079498291,
      49.16228103637695,
      -9.441344261169434,
      4.384577751159668
    ],
    [
      26.89290428161621,
      11.913000106811523,
      11.150670051574707,
      48.680063247680664,
      -9.357219696044922,
      4.036059379577637
    ],
    [
      26.4813289642334,
      9.262090682983398,
      12.620984077453613,
      48.493080139160156,
      -9.00670337677002,
      4.175467491149902
    ],
    [
      26.294248580932617,
      8.119455337524414,
      13.545182228088379,
      48.30609893798828,
      -8.803404808044434,
      4.245171546936035
    ],
    [
      25.17176628112793,
      5.697072982788086,
      14.679429054260254,
      48.414350509643555,
      -8.586084365844727,
      4.767949104309082
    ],
    [
      24.62923240661621,
      3.594625473022461,
      16.107735633850098,
      48.14863967895508,
      -8.487939834594727,
      4.558838844299316
    ],
    [
      24.086702346801758,
      2.3148765563964844,
      17.36800479888916,
      47.90260887145996,
      -8.263609886169434,
      4.001206398010254
    ],
    [
      23.86220359802246,
      -0.24462318420410156,
      18.964348793029785,
      47.74514961242676,
      -8.137423515319824,
      4.1057634353637695
    ],
    [
      22.552644729614258,
      -2.0728378295898438,
      19.88854694366455,
      47.42039108276367,
      -7.997217178344727,
      4.001206398010254
    ],
    [
      21.6546573638916,
      -4.175283432006836,
      21.31685733795166,
      47.15467834472656,
      -7.955155372619629,
      4.070910453796387
    ],
    [
      21.579824447631836,
      -5.729267120361328,
      22.157036781311035,
      46.80039596557617,
      -7.436391830444336,
      3.58298397064209
    ],
    [
      20.60700798034668,
      -7.5574798583984375,
      24.005433082580566,
      46.56420707702637,
      -7.268144607543945,
      4.280022621154785
    ],
    [
      20.008352279663086,
      -9.751337051391602,
      25.013649940490723,
      46.65277862548828,
      -7.478452682495117,
      3.8269472122192383
    ],
    [
      18.773622512817383,
      -11.579553604125977,
      25.013649940490723,
      46.52484130859375,
      -7.240102767944336,
      3.931502342224121
    ],
    [
      18.324628829956055,
      -13.590585708618164,
      26.86205005645752,
      46.56420707702637,
      -7.029792785644531,
      3.408724784851074
    ],
    [
      17.164731979370117,
      -14.870336532592773,
      27.53419589996338,
      46.52484130859375,
      -7.170000076293945,
      4.210318565368652
    ],
    [
      16.790571212768555,
      -15.967264175415039,
      27.702229499816895,
      46.60357093811035,
      -7.071855545043945,
      4.280022621154785
    ],
    [
      15.892585754394531,
      -17.795480728149414,
      28.962502479553223,
      46.64293670654297,
      -7.057834625244141,
      4.175467491149902
    ],
    [
      14.99460220336914,
      -18.89240837097168,
      30.306790351867676,
      46.64293670654297,
      -6.833503723144531,
      3.7223920822143555
    ],
    [
      13.797286987304688,
      -20.53780174255371,
      32.071167945861816,
      46.70198440551758,
      -6.917627334594727,
      4.036059379577637
    ]
  ],