{
  "tag": "train_ep0",
  "episode": 0,
  "prompt": "Pick the red cube",
  "episode_length": 328,
  "state": [
    -0.47258979082107544,
    -99.23175048828125,
    95.36994934082031,
    67.74193572998047,
    -1.6361416578292847,
    1.9890260696411133
  ],
  "predicted_frames": 9,
  "predicted_resolution": [
    352,
    640
  ],
  "latent_shape": [
    1,
    16,
    3,
    44,
    80
  ],
  "action_mse_deg2": 0.3242943764904245,
  "action_rmse_deg": 0.5694685035104439,
  "per_step_mse": [
    0.7002926692096595,
    0.2944019649287575,
    0.34656923792656863,
    0.3914769043682897,
    0.49098640171437574,
    0.2744301506274005,
    0.183099887103462,
    0.32245094458867635,
    0.2456347824088995,
    0.22327264767873597,
    0.18009372421175854,
    0.17633763502232128,
    0.26007117216134185,
    0.28164029429583115,
    0.12379256681352535,
    0.14633540374255002,
    0.3551630953707939,
    0.2816448592918544,
    0.33135357996515813,
    0.30689070214958764,
    0.3124963439270423,
    0.3445565794444483,
    0.5629258520864749,
    0.6471476367326736
  ],
  "per_joint_rmse": [
    0.4044058437182172,
    0.7663659635042637,
    0.8161607707785519,
    0.29372040375609193,
    0.21452620841432354,
    0.6296775437112061
  ],
  "video_pixel_mse": 21491.103515625,
  "video_psnr_db": 4.808216448438202,
  "actions_pred": [
    [
      -0.10364371538162231,
      -97.93327713012695,
      94.16525268554688,
      67.54700469970703,
      -1.6965750455856323,
      1.1535882949829102
    ],
    [
      -0.4029715657234192,
      -98.57315444946289,
      94.33329010009766,
      67.55192565917969,
      -1.5844095945358276,
      1.5413141250610352
    ],
    [
      -0.7771323323249817,
      -98.52744674682617,
      94.33329010009766,
      67.84223937988281,
      -1.8030441999435425,
      1.5021066665649414
    ],
    [
      -0.8192237019538879,
      -98.48174285888672,
      94.10223770141602,
      67.69462203979492,
      -1.612451434135437,
      1.9203310012817383
    ],
    [
      -0.25330573320388794,
      -98.20751190185547,
      94.29127883911133,
      67.82255744934082,
      -1.612451434135437,
      1.4324045181274414
    ],
    [
      -0.32813864946365356,
      -98.63028335571289,
      94.81639099121094,
      67.43875122070312,
      -1.7806986570358276,
      1.0838823318481445
    ],
    [
      -0.4778044819831848,
      -98.8930892944336,
      94.43831253051758,
      67.55684471130371,
      -1.710595965385437,
      1.5021066665649414
    ],
    [
      0.12085503339767456,
      -98.61885833740234,
      94.62735366821289,
      67.53224182128906,
      -1.5738943815231323,
      1.2929964065551758
    ],
    [
      -0.5152190327644348,
      -99.00735473632812,
      94.1862564086914,
      67.86192321777344,
      -1.5283278226852417,
      1.9203310012817383
    ],
    [
      -0.7022994160652161,
      -98.98450088500977,
      94.2702751159668,
      67.74382781982422,
      -1.6685341596603394,
      1.606663703918457
    ],
    [
      -0.4778044819831848,
      -99.12161636352539,
      94.5223274230957,
      67.60605239868164,
      -1.6965750455856323,
      1.2581453323364258
    ],
    [
      -0.21589118242263794,
      -99.12161636352539,
      94.48031997680664,
      67.72414588928223,
      -1.5563687086105347,
      1.5021066665649414
    ],
    [
      -0.7256835103034973,
      -99.12161636352539,
      94.14424896240234,
      67.64541625976562,
      -1.6457499265670776,
      1.4324045181274414
    ],
    [
      -1.1512930989265442,
      -99.57867050170898,
      94.22826766967773,
      67.67986106872559,
      -1.9209059476852417,
      1.3801240921020508
    ],
    [
      -0.32813864946365356,
      -99.44155502319336,
      94.64835739135742,
      67.62573432922363,
      -1.5283278226852417,
      1.3801240921020508
    ],
    [
      -0.6274664998054504,
      -98.75597381591797,
      94.77438354492188,
      67.58636856079102,
      -1.4862650632858276,
      1.7112207412719727
    ],
    [
      -0.4403861165046692,
      -98.84738540649414,
      94.48031997680664,
      67.70446395874023,
      -1.8648232221603394,
      0.8747720718383789
    ],
    [
      -0.9267943501472473,
      -99.57867050170898,
      94.29127883911133,
      67.62573432922363,
      -1.64049232006073,
      1.1187372207641602
    ],
    [
      -0.5152190327644348,
      -98.57315444946289,
      94.35429382324219,
      67.62573432922363,
      -1.5703896284103394,
      1.2929964065551758
    ],
    [
      -1.001627266407013,
      -98.6645622253418,
      94.41730499267578,
      67.66509819030762,
      -1.7246168851852417,
      1.4149789810180664
    ],
    [
      -0.5994055867195129,
      -99.03020858764648,
      93.97621154785156,
      67.65525817871094,
      -1.5563687086105347,
      1.5021066665649414
    ],
    [
      -0.8145468831062317,
      -99.14447021484375,
      93.95520782470703,
      67.54700469970703,
      -1.7947195768356323,
      1.2929964065551758
    ],
    [
      -1.1325820088386536,
      -98.73312377929688,
      93.9342041015625,
      67.54700469970703,
      -1.630853533744812,
      1.0141801834106445
    ],
    [
      -1.6751158833503723,
      -98.48174285888672,
      94.1862564086914,
      67.62573432922363,
      -1.83678138256073,
      1.1535882949829102
    ]
  ],