{
  "tag": "ep100_f150_grasp",
  "episode": 100,
  "frame_in_ep": 150,
  "prompt": "Pick the blue cube",
  "episode_length": 309,
  "state": [
    31.94706916809082,
    6.70081090927124,
    14.480254173278809,
    55.10026168823242,
    -9.10866928100586,
    2.4691357612609863
  ],
  "gt_motion_magnitude_deg": 40.15675764091041,
  "predicted_frames": 9,
  "predicted_resolution": [
    352,
    640
  ],
  "latent_shape": [
    1,
    16,
    3,
    44,
    80
  ],
  "action_mse_deg2": 118.67659485251713,
  "action_rmse_deg": 10.893878779044547,
  "per_step_mse": [
    5.387828284520083,
    6.419718277637837,
    8.494054753564996,
    10.38417472055256,
    12.343306275990093,
    17.080708477507148,
    25.069700597210538,
    42.59956785021882,
    62.759638360422514,
    95.8014556018342,
    128.48388988729212,
    165.7296525968517,
    201.99703858720497,
    235.73429038486003,
    255.6142669637645,
    271.7970055381299,
    281.5193642405348,
    257.3933881166136,
    220.2642456260903,
    180.07635302000344,
    135.8885370698823,
    101.48910860200408,
    72.69412015839946,
    53.21686246932094
  ],
  "per_joint_rmse": [
    0.7425253038400721,
    5.964559698643419,
    6.097802359661308,
    1.9232698629606022,
    0.2990168002539183,
    25.19842616632001
  ],
  "video_pixel_mse": 18750.552734375,
  "video_psnr_db": 5.4006628635322755,
  "actions_pred": [
    [
      32.01668739318848,
      10.28455114364624,
      8.633559226989746,
      55.41707229614258,
      -9.561680793762207,
      1.7034001350402832
    ],
    [
      31.829607009887695,
      10.55878210067749,
      8.08743953704834,
      55.55423355102539,
      -9.449515342712402,
      1.903801441192627
    ],
    [
      31.56769371032715,
      11.152951717376709,
      7.373286247253418,
      55.87468719482422,
      -9.586216926574707,
      1.9822163581848145
    ],
    [
      31.53963279724121,
      11.747121334075928,
      6.911189079284668,
      55.80087852478027,
      -9.393433570861816,
      2.4352917671203613
    ],
    [
      32.09152030944824,
      12.249879360198975,
      6.785159111022949,
      55.88945007324219,
      -9.449515342712402,
      2.0170674324035645
    ],
    [
      31.94185447692871,
      12.569818019866943,
      6.785159111022949,
      55.68278503417969,
      -9.575701713562012,
      1.8253827095031738
    ],
    [
      31.913793563842773,
      12.569818019866943,
      6.323061943054199,
      55.66802215576172,
      -9.449515342712402,
      2.0606350898742676
    ],
    [
      32.24118614196777,
      12.935460567474365,
      6.365069389343262,
      55.638498306274414,
      -9.330340385437012,
      1.8428082466125488
    ],
    [
      31.792192459106445,
      13.07257604598999,
      5.860960960388184,
      55.810720443725586,
      -9.295289039611816,
      2.4701428413391113
    ],
    [
      31.736066818237305,
      13.026872158050537,
      5.776942253112793,
      55.741830825805664,
      -9.365391731262207,
      2.3307347297668457
    ],
    [
      31.94185447692871,
      13.118283748626709,
      5.776942253112793,
      55.731990814208984,
      -9.393433570861816,
      2.12162446975708
    ],
    [
      32.12893486022949,
      13.118283748626709,
      5.776942253112793,
      55.810720443725586,
      -9.260236740112305,
      2.4701428413391113
    ],
    [
      31.778162002563477,
      13.255399227142334,
      5.3568525314331055,
      55.672943115234375,
      -9.31106185913086,
      2.2610325813293457
    ],
    [
      31.49286460876465,
      13.118283748626709,
      5.104798316955566,
      55.80087852478027,
      -9.449515342712402,
      2.2261815071105957
    ],
    [
      31.829607009887695,
      13.163987636566162,
      5.440871238708496,
      55.85008430480957,
      -9.084979057312012,
      2.3481640815734863
    ],
    [
      31.642526626586914,
      13.849568843841553,
      5.440871238708496,
      55.77135467529297,
      -9.021885871887207,
      2.609550952911377
    ],
    [
      31.71735954284668,
      13.666745662689209,
      5.272835731506348,
      55.96817970275879,
      -9.253226280212402,
      2.504997730255127
    ],
    [
      31.343198776245117,
      13.026872158050537,
      5.3568525314331055,
      55.83040237426758,
      -9.098999977111816,
      4.3695759773254395
    ],
    [
      31.75477409362793,
      13.392514705657959,
      5.440871238708496,
      55.88945007324219,
      -8.99209213256836,
      7.314564228057861
    ],
    [
      31.062578201293945,
      13.026872158050537,
      5.440871238708496,
      55.791038513183594,
      -9.056937217712402,
      10.62549638748169
    ],
    [
      31.31513786315918,
      12.752641201019287,
      5.440871238708496,
      56.04690933227539,
      -9.056937217712402,
      14.877434253692627
    ],
    [
      31.5302791595459,
      13.026872158050537,
      5.6089067459106445,
      55.90913200378418,
      -9.449515342712402,
      18.780849933624268
    ],
    [
      30.95033073425293,
      13.163987636566162,
      5.440871238708496,
      56.101036071777344,
      -9.142813682556152,
      22.544861316680908
    ],
    [
      30.14588737487793,
      13.255399227142334,
      6.028998374938965,
      56.027225494384766,
      -9.330340385437012,
      25.33301591873169
    ]
  ],