{
  "tag": "f594",
  "frame_in_ep": 594,
  "t_wall_s": 19.8,
  "action_rmse_deg": 1.7549666000192827,
  "action_mse_deg2": 3.0799077671832413,
  "per_joint_rmse": [
    0.32613409920444797,
    1.9936822940727017,
    2.263422869776191,
    2.1744045665711007,
    0.28909063216766695,
    2.11272865332449
  ],
  "per_step_mse": [
    1.9607072895200404,
    1.2993543431616204,
    1.6160706257703155,
    1.5955267162844684,
    1.8533366104235167,
    1.5373870740329785,
    1.4597867902614616,
    1.5196006340305441,
    1.3452066733547767,
    1.3865087915397591,
    1.4149175777543999,
    1.4184512012364987,
    1.9059825690822272,
    1.796312588372104,
    1.5478931049349576,
    0.9516804216957085,
    1.6838220233765078,
    2.3307300762628818,
    1.7899915119409784,
    2.8268429917292135,
    5.6868683592327045,
    8.757035537023237,
    12.004883242340261,
    14.22888965903662
  ],
  "video_psnr_db": 18.964810806133443,
  "video_pixel_mse": 825.276123046875,
  "actions_pred": [
    [
      5.6353068351745605,
      -93.30543518066406,
      87.28117752075195,
      77.6604061126709,
      9.12637996673584,
      -1.7695084810256958
    ],
    [
      5.298564434051514,
      -93.92245483398438,
      87.34418869018555,
      77.73175430297852,
      9.238545417785645,
      -1.2641526460647583
    ],
    [
      4.662490367889404,
      -93.94530868530273,
      87.17615509033203,
      78.00484848022461,
      8.933595657348633,
      -1.351284146308899
    ],
    [
      4.615722179412842,
      -93.71678161621094,
      86.86108779907227,
      77.8965950012207,
      9.238545417785645,
      -0.9679147005081177
    ],
    [
      5.261149883270264,
      -93.48825454711914,
      87.07113265991211,
      77.93595886230469,
      9.12637996673584,
      -1.5255433320999146
    ],
    [
      5.261149883270264,
      -93.83104705810547,
      87.78528594970703,
      77.6308822631836,
      9.042256355285645,
      -1.8217850923538208
    ],
    [
      5.261149883270264,
      -94.17383575439453,
      87.19715881347656,
      77.74405670166016,
      9.140400886535645,
      -1.4384156465530396
    ],
    [
      5.710139751434326,
      -93.9681625366211,
      87.47021865844727,
      77.75143623352051,
      9.263081550598145,
      -1.6301003694534302
    ],
    [
      5.074069499969482,
      -94.40236282348633,
      86.92409896850586,
      78.1524658203125,
      9.350709915161133,
      -0.863357663154602
    ],
    [
      4.886989116668701,
      -94.35665512084961,
      87.11314010620117,
      77.8965950012207,
      9.154420852661133,
      -1.2118760347366333
    ],
    [
      4.961818218231201,
      -94.5851821899414,
      87.28117752075195,
      77.8375473022461,
      9.112359046936035,
      -1.4558411836624146
    ],
    [
      5.298564434051514,
      -94.63088989257812,
      87.11314010620117,
      78.0540542602539,
      9.315658569335938,
      -1.281581997871399
    ],
    [
      4.971175670623779,
      -94.85941696166992,
      86.6090316772461,
      77.95564079284668,
      9.259575843811035,
      -1.4732667207717896
    ],
    [
      4.69990873336792,
      -95.4992904663086,
      86.90309524536133,
      77.97655487060547,
      8.90204906463623,
      -1.368709683418274
    ],
    [
      5.523059368133545,
      -95.4992904663086,
      87.36519622802734,
      78.09341812133789,
      9.434834480285645,
      -1.5081177949905396
    ],
    [
      5.261149883270264,
      -94.95082473754883,
      87.4072036743164,
      78.01468849182129,
      9.406792640686035,
      -0.7936517000198364
    ],
    [
      5.298564434051514,
      -95.31647109985352,
      87.15514755249023,
      78.2508773803711,
      9.070297241210938,
      -1.4906922578811646
    ],
    [
      4.73732328414917,
      -97.05327224731445,
      87.1341438293457,
      78.60515975952148,
      9.238545417785645,
      -0.8720704317092896
    ],
    [
      5.448230266571045,
      -96.23057556152344,
      86.8820915222168,
      78.95944404602051,
      9.25782299041748,
      -0.0269089937210083
    ],
    [
      4.999236583709717,
      -96.82474517822266,
      86.65103912353516,
      79.74673843383789,
      9.154420852661133,
      0.5307196378707886
    ],
    [
      5.392104625701904,
      -98.15019989013672,
      86.02090454101562,
      80.49466896057129,
      9.266586303710938,
      2.2036131620407104
    ],
    [
      5.5604777336120605,
      -98.68724060058594,
      85.51679611206055,
      81.51815414428711,
      9.168441772460938,
      3.0400580167770386
    ],
    [
      5.672725200653076,
      -99.38424682617188,
      85.0546989440918,
      82.30544853210449,
      9.256071090698242,
      3.527988314628601
    ],
    [
      5.261149883270264,
      -99.70418167114258,
      85.22273254394531,
      82.9352855682373,
      9.12637996673584,
      4.277305483818054
    ]
  ],