{
  "tag": "ep50_f80_descend",
  "episode": 50,
  "frame_in_ep": 80,
  "prompt": "Pick the red cube",
  "episode_length": 374,
  "state": [
    -1.3232513666152954,
    -98.71958923339844,
    100.0,
    52.92066192626953,
    -0.7081807255744934,
    10.425240516662598
  ],
  "gt_motion_magnitude_deg": 69.31282490096875,
  "predicted_frames": 9,
  "predicted_resolution": [
    352,
    640
  ],
  "latent_shape": [
    1,
    16,
    3,
    44,
    80
  ],
  "action_mse_deg2": 143.2264556316297,
  "action_rmse_deg": 11.967725583068393,
  "per_step_mse": [
    0.20870598898496753,
    0.16580483082930483,
    0.2039770956849741,
    0.2340946378611218,
    0.2717961095670609,
    0.8350966082160602,
    0.753509150018509,
    6.640015496712259,
    12.720753085911044,
    22.610239841660132,
    55.65899546765234,
    75.14121600870139,
    120.03957862293618,
    150.12617532346147,
    177.94099856752268,
    194.16341322496552,
    260.12375523046234,
    285.0452125374317,
    285.85187321946677,
    298.943557886007,
    363.50339910391017,
    371.56605702448786,
    368.3440723322369,
    386.34263776442526
  ],
  "per_joint_rmse": [
    3.1650537171346995,
    23.311217495413427,
    17.428744605966717,
    1.2325906464571352,
    0.5697960296755648,
    0.5685260607741023
  ],
  "video_pixel_mse": 21323.30078125,
  "video_psnr_db": 4.8422592786187835,
  "actions_pred": [
    [
      -0.7298065423965454,
      -97.78675842285156,
      98.31219863891602,
      53.0406494140625,
      -0.7966559529304504,
      9.450394630432129
    ],
    [
      -1.1413856744766235,
      -98.38092803955078,
      98.4802360534668,
      53.09908103942871,
      -0.6844905018806458,
      9.864262580871582
    ],
    [
      -1.4032951593399048,
      -98.1981086730957,
      98.45923233032227,
      53.30636024475098,
      -0.8974288105964661,
      10.008027076721191
    ],
    [
      -1.7119804620742798,
      -98.33522415161133,
      98.27019119262695,
      53.1193790435791,
      -0.6844905018806458,
      10.356545448303223
    ],
    [
      -1.103967308998108,
      -98.10669708251953,
      98.60626220703125,
      53.1193790435791,
      -0.7125313878059387,
      9.85119342803955
    ],
    [
      -1.103967308998108,
      -98.4266357421875,
      99.11037063598633,
      52.84382438659668,
      -0.8527377247810364,
      9.502671241760254
    ],
    [
      -1.2910476922988892,
      -98.60945510864258,
      98.56425476074219,
      52.873348236083984,
      -0.7966559529304504,
      9.83376407623291
    ],
    [
      -0.7298065423965454,
      -98.47233963012695,
      98.83731079101562,
      52.851205825805664,
      -0.6739752888679504,
      9.520096778869629
    ],
    [
      -1.4407135248184204,
      -98.7465705871582,
      98.31219863891602,
      53.158742904663086,
      -0.6003668904304504,
      10.217137336730957
    ],
    [
      -1.571668267250061,
      -98.60945510864258,
      98.27019119262695,
      52.98160171508789,
      -0.7686141133308411,
      9.868618965148926
    ],
    [
      -1.3284660577774048,
      -98.70086669921875,
      98.4802360534668,
      52.7847785949707,
      -0.8106759190559387,
      9.485245704650879
    ],
    [
      -1.103967308998108,
      -98.6551628112793,
      98.10215377807617,
      52.9619197845459,
      -0.6985114216804504,
      9.868618965148926
    ],
    [
      -1.534253716468811,
      -98.26666641235352,
      97.43000793457031,
      52.84382438659668,
      -0.8194392323493958,
      9.659504890441895
    ],
    [
      -1.814874291419983,
      -98.4266357421875,
      97.43000793457031,
      52.84136390686035,
      -1.161192238330841,
      9.60722827911377
    ],
    [
      -1.103967308998108,
      -97.9695816040039,
      97.34599304199219,
      52.76509475708008,
      -0.7686141133308411,
      9.624653816223145
    ],
    [
      -1.4032951593399048,
      -96.32418823242188,
      96.67384719848633,
      52.64700126647949,
      -0.7826350331306458,
      9.938321113586426
    ],
    [
      -1.1413856744766235,
      -95.59290313720703,
      95.87567520141602,
      52.56827163696289,
      -1.161192238330841,
      9.241284370422363
    ],
    [
      -1.4032951593399048,
      -94.77020645141602,
      94.65741348266602,
      52.15494155883789,
      -0.9088204503059387,
      9.502671241760254
    ],
    [
      -0.804639458656311,
      -91.75365447998047,
      93.43915176391602,
      51.899070739746094,
      -0.9061921238899231,
      9.72921085357666
    ],
    [
      -0.9730125665664673,
      -89.60550308227539,
      92.0108413696289,
      51.44637489318848,
      -1.1051095128059387,
      9.83376407623291
    ],
    [
      -0.13115084171295166,
      -87.91440200805664,
      90.28847312927246,
      51.092092514038086,
      -0.9368622899055481,
      10.077729225158691
    ],
    [
      0.35525739192962646,
      -85.4463119506836,
      88.7761459350586,
      50.44257354736328,
      -1.231295883655548,
      9.450394630432129
    ],
    [
      0.5984634160995483,
      -82.1555290222168,
      87.09578514099121,
      49.9898796081543,
      -1.1787179112434387,
      9.520096778869629
    ],
    [
      0.09334409236907959,
      -79.59602737426758,
      86.67569541931152,
      49.51750183105469,
      -1.476657211780548,
      9.450394630432129
    ]
  ],