{
  "tag": "heldout_ep100",
  "episode": 100,
  "prompt": "Pick the blue cube",
  "episode_length": 309,
  "state": [
    1.6068053245544434,
    -98.97566986083984,
    100.0,
    53.35658264160156,
    1.245421290397644,
    2.3319616317749023
  ],
  "predicted_frames": 9,
  "predicted_resolution": [
    352,
    640
  ],
  "latent_shape": [
    1,
    16,
    3,
    44,
    80
  ],
  "action_mse_deg2": 7.091189300868702,
  "action_rmse_deg": 2.6629287074326085,
  "per_step_mse": [
    0.66708799131406,
    0.44173505769276983,
    0.5609599720841084,
    0.6986875526356874,
    0.4703250827498877,
    0.32896995566742976,
    0.30819560697951687,
    0.252979024993202,
    0.44472866022276253,
    0.48410488208723496,
    0.3788516769104362,
    0.3216477444252656,
    0.7301460335603854,
    0.7413018170781266,
    0.6004218251729702,
    1.077916768840474,
    1.6081614587613278,
    2.5908572739732967,
    6.011173969279224,
    10.811280551573914,
    18.126148231609555,
    28.886985232903157,
    42.345385811432266,
    51.30049103890178
  ],
  "per_joint_rmse": [
    0.8037992219195288,
    4.7384210241956675,
    4.343578093220819,
    0.22433061225025222,
    0.6262630045741464,
    0.37310666988897695
  ],
  "video_pixel_mse": 16973.029296875,
  "video_psnr_db": 5.833210000168592,
  "actions_pred": [
    [
      1.4519286155700684,
      -98.13425064086914,
      98.41722106933594,
      53.31911087036133,
      1.156946063041687,
      1.5662260055541992
    ],
    [
      1.4893431663513184,
      -98.54560089111328,
      98.45923233032227,
      53.316650390625,
      1.2410706281661987,
      1.9365301132202148
    ],
    [
      1.2274298667907715,
      -98.40848159790039,
      98.50123977661133,
      53.530696868896484,
      1.0807093381881714,
      1.914748191833496
    ],
    [
      1.0684142112731934,
      -98.49989318847656,
      98.22817993164062,
      53.40768051147461,
      1.297153353691101,
      2.367823600769043
    ],
    [
      1.4519286155700684,
      -98.40848159790039,
      98.60626220703125,
      53.515933990478516,
      1.156946063041687,
      1.8101911544799805
    ],
    [
      1.4519286155700684,
      -98.63700866699219,
      99.02635192871094,
      53.15180969238281,
      1.100864291191101,
      1.4965238571166992
    ],
    [
      1.4332213401794434,
      -99.00265121459961,
      98.56425476074219,
      53.19117546081543,
      1.1709669828414917,
      1.7579145431518555
    ],
    [
      1.7512564659118652,
      -98.78555297851562,
      98.90032577514648,
      53.15180969238281,
      1.2691115140914917,
      1.4965238571166992
    ],
    [
      1.264848232269287,
      -99.08263778686523,
      98.29119491577148,
      53.48641014099121,
      1.3392151594161987,
      2.1238584518432617
    ],
    [
      1.1900153160095215,
      -99.00265121459961,
      98.27019119262695,
      53.34863471984863,
      1.1849879026412964,
      1.7753400802612305
    ],
    [
      1.4519286155700684,
      -99.04835891723633,
      98.43822479248047,
      53.161651611328125,
      1.1709669828414917,
      1.4616727828979492
    ],
    [
      1.7325491905212402,
      -99.2311782836914,
      98.22817993164062,
      53.31911087036133,
      1.2410706281661987,
      1.914748191833496
    ],
    [
      1.2578330039978027,
      -98.88838958740234,
      97.76608276367188,
      53.220699310302734,
      1.2042664289474487,
      1.7404851913452148
    ],
    [
      1.1151823997497559,
      -99.2311782836914,
      97.72407150268555,
      53.287126541137695,
      0.960657000541687,
      1.7404851913452148
    ],
    [
      1.601590633392334,
      -99.1397705078125,
      97.76608276367188,
      53.27974510192871,
      1.2410706281661987,
      1.6882085800170898
    ],
    [
      1.1526007652282715,
      -98.22566223144531,
      97.5980453491211,
      53.27974510192871,
      1.2410706281661987,
      1.984450340270996
    ],
    [
      1.601590633392334,
      -97.90572357177734,
      97.05192947387695,
      53.437204360961914,
      0.9045752286911011,
      1.252558708190918
    ],
    [
      1.1526007652282715,
      -97.76860809326172,
      96.16973876953125,
      53.35847473144531,
      1.0167397260665894,
      1.4878110885620117
    ],
    [
      1.6764235496520996,
      -95.4376335144043,
      95.1615219116211,
      53.31911087036133,
      0.963286280632019,
      1.6359319686889648
    ],
    [
      1.3396811485290527,
      -93.83794784545898,
      93.90124893188477,
      53.161651611328125,
      0.5961207151412964,
      1.7753400802612305
    ],
    [
      1.830766201019287,
      -92.19255447387695,
      92.13687133789062,
      53.14196968078613,
      0.3717907667160034,
      1.914748191833496
    ],
    [
      2.050584316253662,
      -90.09010696411133,
      90.45650863647461,
      52.807369232177734,
      -0.3713036775588989,
      1.7753400802612305
    ],
    [
      1.9196295738220215,
      -87.71342849731445,
      88.94418334960938,
      52.75324249267578,
      -0.4694482088088989,
      1.6359319686889648
    ],
    [
      1.3770956993103027,
      -85.97662734985352,
      88.60811042785645,
      52.610544204711914,
      -0.9461508989334106,
      1.8450422286987305
    ]
  ],