{
  "tag": "ep50_f220_lift",
  "episode": 50,
  "frame_in_ep": 220,
  "prompt": "Pick the red cube",
  "episode_length": 374,
  "state": [
    24.00756072998047,
    15.236875534057617,
    15.206536293029785,
    56.58238983154297,
    14.774114608764648,
    43.07270050048828
  ],
  "gt_motion_magnitude_deg": 0.8012317266167599,
  "predicted_frames": 9,
  "predicted_resolution": [
    352,
    640
  ],
  "latent_shape": [
    1,
    16,
    3,
    44,
    80
  ],
  "action_mse_deg2": 95.58776219341988,
  "action_rmse_deg": 9.776899416145175,
  "per_step_mse": [
    0.8009285638268011,
    0.48789716107512504,
    0.48071501513383436,
    0.49429165564060895,
    0.6219041361408321,
    0.9300593569922361,
    0.7330572686590434,
    0.859781432457415,
    1.0443546821644911,
    2.537589352751487,
    8.172796567899846,
    23.269828456604046,
    46.87006965271045,
    75.2673634970635,
    124.56584404860799,
    171.32581251946945,
    215.44118500912631,
    227.133388329121,
    230.72262300296188,
    234.2435690904775,
    223.72376498819312,
    241.6160447152162,
    231.29103258386945,
    231.47239155591433
  ],
  "per_joint_rmse": [
    1.04522017487529,
    0.6822925037195696,
    1.2318220731597223,
    0.819199398565572,
    0.21153467663873862,
    23.869129533604
  ],
  "video_pixel_mse": 22216.31640625,
  "video_psnr_db": 4.66408308830686,
  "actions_pred": [
    [
      24.376506805419922,
      15.712652206420898,
      12.783577919006348,
      56.426822662353516,
      14.629557609558105,
      41.679630279541016
    ],
    [
      24.226844787597656,
      15.187040328979492,
      12.867596626281738,
      56.44650650024414,
      14.741722106933594,
      42.232906341552734
    ],
    [
      24.00234603881836,
      15.209894180297852,
      12.74156665802002,
      56.53507614135742,
      14.501618385314941,
      42.30696487426758
    ],
    [
      23.525291442871094,
      15.255598068237305,
      12.552529335021973,
      56.39729881286621,
      14.7136812210083,
      42.760040283203125
    ],
    [
      23.92751693725586,
      15.347009658813477,
      12.678555488586426,
      56.50555229187012,
      14.629557609558105,
      42.13270568847656
    ],
    [
      23.852684020996094,
      14.889955520629883,
      13.392708778381348,
      56.220157623291016,
      14.335124015808105,
      41.95844650268555
    ],
    [
      23.51593780517578,
      14.661428451538086,
      12.930607795715332,
      56.20539665222168,
      14.447288513183594,
      42.20241165161133
    ],
    [
      24.00234603881836,
      14.878530502319336,
      13.077641487121582,
      56.23984146118164,
      14.587494850158691,
      41.679630279541016
    ],
    [
      23.47852325439453,
      14.592870712280273,
      12.783577919006348,
      56.51539421081543,
      14.727702140808105,
      41.679630279541016
    ],
    [
      23.328857421875,
      14.524312973022461,
      12.783577919006348,
      56.35793495178223,
      14.573474884033203,
      39.937034606933594
    ],
    [
      23.328857421875,
      14.798543930053711,
      12.97261905670166,
      56.32841110229492,
      14.503371238708496,
      36.62610054016113
    ],
    [
      23.83397674560547,
      14.432901382446289,
      13.098645210266113,
      56.426822662353516,
      14.727702140808105,
      31.64227294921875
    ],
    [
      23.457477569580078,
      14.547163009643555,
      12.636544227600098,
      56.26936340332031,
      14.405226707458496,
      26.623594284057617
    ],
    [
      22.992115020751953,
      14.250078201293945,
      12.720562934875488,
      56.220157623291016,
      14.3211030960083,
      22.162546157836914
    ],
    [
      23.852684020996094,
      14.707132339477539,
      13.308690071105957,
      56.26936340332031,
      14.853887557983398,
      16.02860450744629
    ],
    [
      24.15201187133789,
      15.255598068237305,
      13.266682624816895,
      56.26936340332031,
      14.853887557983398,
      11.288742065429688
    ],
    [
      24.00234603881836,
      15.301301956176758,
      12.846589088439941,
      56.52523422241211,
      14.433268547058105,
      7.385322570800781
    ],
    [
      23.777851104736328,
      14.707132339477539,
      12.489514350891113,
      56.40714073181152,
      14.671619415283203,
      6.4094696044921875
    ],
    [
      23.852684020996094,
      14.981367111206055,
      13.119648933410645,
      56.19063377380371,
      14.615756034851074,
      6.130653381347656
    ],
    [
      24.226844787597656,
      14.844247817993164,
      13.308690071105957,
      56.426822662353516,
      14.5173921585083,
      5.851837158203125
    ],
    [
      24.95645523071289,
      13.884435653686523,
      12.951611518859863,
      56.220157623291016,
      14.769763946533203,
      6.688285827636719
    ],
    [
      24.413925170898438,
      13.176004409790039,
      12.930607795715332,
      56.899200439453125,
      14.545433044433594,
      5.294208526611328
    ],
    [
      24.376506805419922,
      13.244562149047852,
      13.602753639221191,
      56.554758071899414,
      14.755743026733398,
      6.130653381347656
    ],
    [
      23.92751693725586,
      13.061738967895508,
      13.266682624816895,
      56.82047080993652,
      14.2720308303833,
      6.130653381347656
    ]
  ],